GDP,Social,Health,Freedom,Happiness
1.61646318435669,1.53352355957031,0.796666502952576,0.635422587394714,7.53700017929077
1.48238301277161,1.55112159252167,0.792565524578094,0.626006722450256,7.52199983596802
1.480633020401,1.6105740070343,0.833552122116089,0.627162635326385,7.50400018692017
1.56497955322266,1.51691174507141,0.858131289482117,0.620070576667786,7.49399995803833
1.44357192516327,1.5402467250824,0.80915766954422,0.617950856685638,7.4689998626709
1.50394463539124,1.42893922328949,0.810696125030518,0.585384488105774,7.3769998550415
1.47920441627502,1.48134899139404,0.83455765247345,0.611100912094116,7.31599998474121
1.40570604801178,1.54819512367249,0.816759705543518,0.614062130451202,7.31400012969971
1.49438726902008,1.47816216945648,0.830875158309937,0.612924098968506,7.28399991989136
1.484414935112,1.51004195213318,0.84388679265976,0.601607382297516,7.28399991989136
1.37538242340088,1.37628996372223,0.83840399980545,0.405988603830338,7.21299982070923
1.10970628261566,1.41640365123749,0.759509265422821,0.580131649971008,7.0789999961853
1.48709726333618,1.4599449634552,0.815328419208527,0.567766189575195,7.00600004196167
1.54625928401947,1.41992056369781,0.77428662776947,0.505740523338318,6.99300003051758
1.53570663928986,1.55823111534119,0.80978262424469,0.573110342025757,6.97700023651123
1.48792338371277,1.47252035140991,0.798950731754303,0.562511384487152,6.95100021362305
1.46378076076508,1.46231269836426,0.818091869354248,0.539770722389221,6.89099979400635
1.74194359779358,1.45758366584778,0.845089495182037,0.59662789106369,6.86299991607666
1.44163393974304,1.49646008014679,0.805335938930511,0.508190035820007,6.71400022506714
1.25278460979462,1.28402495384216,0.819479703903198,0.376895278692245,6.65199995040894
1.62634336948395,1.26641023159027,0.726798236370087,0.60834527015686,6.64799976348877
1.10735321044922,1.43130600452423,0.616552352905273,0.437453746795654,6.63500022888184
1.35268235206604,1.43388521671295,0.754444003105164,0.490946173667908,6.60900020599365
1.18529546260834,1.44045114517212,0.695137083530426,0.494519203901291,6.59899997711182
1.15318381786346,1.210862159729,0.709978997707367,0.412730008363724,6.57800006866455
1.69227766990662,1.35381436347961,0.949492394924164,0.549840569496155,6.57200002670288
1.34327983856201,1.48841166496277,0.821944236755371,0.588767051696777,6.52699995040894
1.21755969524384,1.41222786903381,0.719216823577881,0.57939225435257,6.4539999961853
0.872001945972443,1.25558519363403,0.540239989757538,0.531310617923737,6.4539999961853
1.23374843597412,1.37319254875183,0.706156134605408,0.550026834011078,6.4520001411438
1.43092346191406,1.38777685165405,0.844465851783752,0.470222115516663,6.44199991226196
1.12786877155304,1.42579245567322,0.647239029407501,0.580200731754303,6.42399978637695
1.43362653255463,1.38456535339355,0.793984234333038,0.361466586589813,6.42199993133545
1.38439786434174,1.53209090232849,0.888960599899292,0.408781230449677,6.40299987792969
1.87076568603516,1.27429687976837,0.710098087787628,0.604130983352661,6.375
1.07062232494354,1.4021829366684,0.595027923583984,0.477487415075302,6.35699987411499
1.53062355518341,1.28667759895325,0.590148329734802,0.449750572443008,6.3439998626709
1.36135590076447,1.3802285194397,0.519983291625977,0.518630743026733,6.16800022125244
1.63295245170593,1.25969874858856,0.632105708122253,0.496337592601776,6.10500001907349
1.32539355754852,1.50505924224854,0.712732911109924,0.295817464590073,6.09800004959106
1.48841226100922,1.32311046123505,0.653133034706116,0.536746919155121,6.08699989318848
1.29121541976929,1.28464603424072,0.618784427642822,0.402264982461929,6.08400011062622
0.737299203872681,1.28721570968628,0.653095960617065,0.447551846504211,6.07100009918213
1.00082039833069,1.28616881370544,0.685636222362518,0.4551981985569,6.00799989700317
0.909784495830536,1.18212509155273,0.596018552780151,0.432452529668808,6.00299978256226
1.29178786277771,1.44571197032928,0.699475347995758,0.520342111587524,5.97300004959106
0.786441087722778,1.54896914958954,0.498272627592087,0.658248662948608,5.97100019454956
1.39506661891937,1.44492328166962,0.853144347667694,0.256450712680817,5.96400022506714
1.28177809715271,1.46928238868713,0.547349333763123,0.373783111572266,5.96299982070923
0.907975316047668,1.08141779899597,0.450191766023636,0.547509372234344,5.95599985122681
1.41691517829895,1.43633782863617,0.913475871086121,0.505625545978546,5.92000007629395
1.31458234786987,1.47351610660553,0.62894994020462,0.234231784939766,5.90199995040894
1.09186446666718,1.1462174654007,0.617584645748138,0.233335807919502,5.87200021743774
1.26074862480164,1.40471494197845,0.638566970825195,0.325707912445068,5.84999990463257
1.40167844295502,1.12827444076538,0.900214076042175,0.257921665906906,5.83799982070923
0.728870630264282,1.25182557106018,0.589465200901031,0.240729048848152,5.83799982070923
1.21768391132355,1.15009129047394,0.685158312320709,0.457003742456436,5.82499980926514
0.833756566047668,1.22761905193329,0.473630249500275,0.558732926845551,5.82299995422363
1.13077676296234,1.49314916133881,0.437726080417633,0.41827192902565,5.82200002670288
1.28455626964569,1.38436901569366,0.606041550636292,0.437454283237457,5.81899976730347
1.3469113111496,1.18630337715149,0.834647238254547,0.471203625202179,5.80999994277954
1.3412059545517,1.45251882076263,0.790828227996826,0.572575807571411,5.75799989700317
1.03522527217865,1.21877038478851,0.630166113376617,0.450002878904343,5.71500015258789
1.18939554691315,1.20956099033356,0.638007462024689,0.491247326135635,5.62900018692017
1.35593807697296,1.13136327266693,0.84471470117569,0.355111539363861,5.62099981307983
1.32087934017181,1.47667109966278,0.695168316364288,0.479131430387497,5.61100006103516
1.15655755996704,1.44494521617889,0.637714266777039,0.295400261878967,5.56899976730347
1.10180306434631,1.35756433010101,0.520169019699097,0.465733230113983,5.52500009536743
1.19827437400818,1.33775317668915,0.637605607509613,0.300740599632263,5.5
0.932537317276001,1.50728487968445,0.579250693321228,0.473507791757584,5.49300003051758
1.55167484283447,1.26279091835022,0.943062424659729,0.490968644618988,5.47200012207031
0.85769921541214,1.25391757488251,0.468009054660797,0.585214674472809,5.42999982833862
1.06931757926941,1.25818979740143,0.65078467130661,0.208715528249741,5.39499998092651
0.991012394428253,1.23908889293671,0.604590058326721,0.418421149253845,5.33599996566772
1.2860119342804,1.34313309192657,0.687763452529907,0.175863519310951,5.32399988174438
0.925579309463501,1.36821806430817,0.641022384166718,0.474307239055634,5.31099987030029
1.22255623340607,0.96798300743103,0.701288521289825,0.255772292613983,5.29300022125244
0.951484382152557,1.13785350322723,0.541452050209045,0.260287940502167,5.27899980545044
1.08116579055786,1.16083741188049,0.741415500640869,0.472787708044052,5.27299976348877
0.72688353061676,0.672690689563751,0.402047783136368,0.23521526157856,5.26900005340576
0.995538592338562,1.27444469928741,0.492345720529556,0.443323463201523,5.26200008392334
1.12843120098114,1.43133759498596,0.617144227027893,0.153997123241425,5.25
1.12112903594971,1.23837649822235,0.667464673519135,0.194989055395126,5.23699998855591
0.878114581108093,0.774864435195923,0.59771066904068,0.408158332109451,5.2350001335144
1.15360176563263,1.15240025520325,0.540775775909424,0.398155838251114,5.23400020599365
1.07937383651733,1.40241670608521,0.574873745441437,0.55258983373642,5.23000001907349
1.28948748111725,1.23941457271576,0.810198903083801,0.0957312509417534,5.22700023651123
1.07498753070831,1.12962424755096,0.735081076622009,0.288515985012054,5.22499990463257
1.3151752948761,1.36704301834106,0.795843541622162,0.498465299606323,5.19500017166138
0.982409417629242,1.0693359375,0.705186307430267,0.204403176903725,5.18200016021729
0.730573117733002,1.14394497871399,0.582569479942322,0.348079860210419,5.18100023269653
1.06457793712616,1.20789301395416,0.644948184490204,0.325905978679657,5.17500019073486
0.0226431842893362,0.721151351928711,0.113989137113094,0.602126955986023,5.15100002288818
0.788547575473785,1.27749133110046,0.652168989181519,0.571055591106415,5.07399988174438
0.783756256103516,1.21577048301697,0.0569157302379608,0.394952565431595,5.07399988174438
0.524713635444641,1.27146327495575,0.529235124588013,0.471566706895828,5.04099988937378
0.885416388511658,1.34012651443481,0.495879292488098,0.501537680625916,5.01100015640259
0.596220076084137,1.39423859119415,0.553457796573639,0.454943388700485,5.00400018692017
0.479820191860199,1.17928326129913,0.504130780696869,0.440305948257446,4.96199989318848
1.02723586559296,1.4930112361908,0.557783484458923,0.394143968820572,4.95499992370605
1.05469870567322,1.38478863239288,0.187080070376396,0.479246735572815,4.8289999961853
1.00726580619812,0.868351459503174,0.613212049007416,0.289680689573288,4.80499982833862
0.716249227523804,1.15564715862274,0.565666973590851,0.25471106171608,4.77500009536743
0.989701807498932,0.997471392154694,0.520187258720398,0.282110154628754,4.7350001335144
1.1614590883255,1.43437945842743,0.708217680454254,0.289231717586517,4.71400022506714
0.36842092871666,0.984136044979095,0.0055647538974881,0.318697690963745,4.70900011062622
0.564305365085602,0.946018218994141,0.132892116904259,0.430388748645782,4.69500017166138
1.15687310695648,0.711551249027252,0.639333188533783,0.249322608113289,4.69199991226196
0.996192753314972,0.803685247898102,0.731159746646881,0.381498634815216,4.64400005340576
0.586682975292206,0.735131740570068,0.533241033554077,0.478356659412384,4.60799980163574
0.964434325695038,1.0984708070755,0.33861181139946,0.520303547382355,4.57399988174438
0.560479462146759,1.06795072555542,0.309988349676132,0.452763766050339,4.55299997329712
0.234305649995804,0.870701014995575,0.106654435396194,0.480791091918945,4.55000019073486
0.367110550403595,1.12323594093323,0.397522568702698,0.514492034912109,4.54500007629395
0.479309022426605,1.17969191074371,0.409362852573395,0.377922266721725,4.53499984741211
0.636406779289246,1.00318729877472,0.257835894823074,0.461603492498398,4.51399993896484
1.10271048545837,0.978613197803497,0.501180469989777,0.288555532693863,4.49700021743774
1.1982102394104,1.1556202173233,0.356578588485718,0.312328577041626,4.46500015258789
0.339233845472336,0.86466920375824,0.353409707546234,0.408842742443085,4.46000003814697
1.00985014438629,1.25997638702393,0.625130832195282,0.561213254928589,4.44000005722046
0.900596737861633,1.00748372077942,0.637524425983429,0.198303267359734,4.37599992752075
0.792221248149872,0.754372596740723,0.455427616834641,0.469987004995346,4.31500005722046
0.648457288742065,1.2720308303833,0.285349279642105,0.0960980430245399,4.29199981689453
0.808964252471924,0.832044363021851,0.28995743393898,0.435025870800018,4.29099988937378
0.950612664222717,0.57061493396759,0.649546980857849,0.309410035610199,4.28599977493286
0.0921023488044739,1.22902345657349,0.191407024860382,0.235961347818375,4.28000020980835
0.476180493831635,1.28147339820862,0.169365674257278,0.306613743305206,4.19000005722046
0.603048920631409,0.904780030250549,0.0486421696841717,0.447706192731857,4.17999982833862
0.601765096187592,1.00623834133148,0.429783403873444,0.633375823497772,4.16800022125244
0.65951669216156,1.21400856971741,0.290920823812485,0.0149958552792668,4.13899993896484
0.667224824428558,0.873664736747742,0.295637726783752,0.423026293516159,4.11999988555908
0.89465194940567,1.39453756809235,0.575903952121735,0.122974775731564,4.09600019454956
0.381430715322495,1.12982773780823,0.217632606625557,0.443185955286026,4.08099985122681
0.3502277135849,1.04328000545502,0.215844258666039,0.324367851018906,4.03200006484985
0.161925330758095,0.993025004863739,0.26850500702858,0.36365869641304,4.02799987792969
0.233442038297653,0.512568831443787,0.315089583396912,0.466914653778076,3.97000002861023
0.438012987375259,0.953855872154236,0.0411347150802612,0.16234202682972,3.93600010871887
0.375846534967422,1.08309590816498,0.196763753890991,0.336384207010269,3.875
0.521021246910095,1.19009518623352,0.0,0.390661299228668,3.80800008773804
0.858428180217743,1.10441195964813,0.0498686656355858,0.0,3.79500007629395
0.401477217674255,0.581543326377869,0.180746778845787,0.106179520487785,3.79399991035461
1.12209415435791,1.22155499458313,0.341755509376526,0.505196332931519,3.76600003242493
0.431085407733917,0.435299843549728,0.209930211305618,0.425962775945663,3.65700006484985
0.305808693170547,0.913020372390747,0.375223308801651,0.189196765422821,3.64400005340576
0.368610262870789,0.640449821949005,0.277321130037308,0.0303698573261499,3.6029999256134
0.591683447360992,0.93538224697113,0.310080915689468,0.249463722109795,3.59299993515015
0.39724862575531,0.601323127746582,0.163486003875732,0.147062435746193,3.59100008010864
0.119041793048382,0.872117936611176,0.229918196797371,0.332881182432175,3.53299999237061
0.244549930095673,0.791244685649872,0.194129139184952,0.348587512969971,3.50699996948242
0.305444717407227,0.431882530450821,0.247105568647385,0.38042613863945,3.49499988555908
0.368745893239975,0.945707023143768,0.326424807310104,0.581843852996826,3.47099995613098
0.777153134346008,0.396102607250214,0.50053334236145,0.0815394446253777,3.46199989318848
0.511135876178741,1.04198980331421,0.364509284496307,0.390017777681351,3.34899997711182
0.091622568666935,0.629793584346771,0.151610791683197,0.0599007532000542,2.90499997138977
0.0,0.0,0.0187726859003305,0.270842045545578,2.69300007820129
1.305,1.592,0.874,0.681,7.632
1.456,1.582,0.861,0.686,7.594
1.351,1.59,0.868,0.683,7.555
1.343,1.644,0.914,0.677,7.495
1.42,1.549,0.927,0.66,7.487
1.361,1.488,0.878,0.638,7.441
1.33,1.532,0.896,0.653,7.328
1.268,1.601,0.876,0.669,7.324
1.355,1.501,0.913,0.659,7.314
1.34,1.573,0.91,0.647,7.272
1.244,1.433,0.888,0.464,7.19
1.341,1.504,0.891,0.617,7.139
1.01,1.459,0.817,0.632,7.072
1.448,1.583,0.876,0.614,6.977
1.34,1.474,0.861,0.586,6.965
1.324,1.483,0.894,0.583,6.927
1.576,1.52,0.896,0.632,6.91
1.398,1.471,0.819,0.547,6.886
1.301,1.559,0.883,0.533,6.814
2.096,0.776,0.67,0.284,6.774
1.233,1.489,0.854,0.543,6.711
1.27,1.525,0.884,0.645,6.627
1.293,1.466,0.908,0.52,6.489
1.038,1.252,0.761,0.479,6.488
1.131,1.331,0.808,0.431,6.476
1.365,1.436,0.857,0.418,6.441
1.112,1.438,0.759,0.597,6.43
0.986,1.474,0.675,0.493,6.419
1.073,1.468,0.744,0.57,6.388
0.781,1.268,0.608,0.604,6.382
1.093,1.459,0.771,0.625,6.379
1.649,1.303,0.748,0.654,6.374
1.379,1.331,0.633,0.509,6.371
1.529,1.451,1.008,0.631,6.343
1.161,1.258,0.669,0.356,6.322
1.251,1.538,0.965,0.449,6.31
0.96,1.439,0.635,0.531,6.26
1.223,1.492,0.564,0.575,6.192
1.21,1.537,0.776,0.354,6.173
0.806,1.231,0.639,0.461,6.167
0.668,1.319,0.7,0.527,6.141
1.176,1.448,0.781,0.546,6.123
1.338,1.366,0.698,0.594,6.105
0.719,1.584,0.605,0.724,6.096
1.474,1.301,0.675,0.554,6.083
1.016,1.417,0.707,0.637,6.072
1.264,1.501,0.946,0.281,6.0
0.889,1.33,0.736,0.556,5.973
0.807,1.101,0.474,0.593,5.956
1.197,1.527,0.716,0.35,5.952
1.219,1.506,0.856,0.633,5.948
1.116,1.219,0.726,0.528,5.945
1.148,1.454,0.671,0.363,5.933
1.294,1.462,0.988,0.553,5.915
1.09,1.387,0.684,0.584,5.891
0.819,1.493,0.693,0.575,5.89
1.266,1.204,0.955,0.244,5.875
1.229,1.211,0.909,0.495,5.835
1.151,1.479,0.599,0.399,5.81
1.143,1.516,0.631,0.454,5.79
1.229,1.191,0.909,0.423,5.762
0.751,1.223,0.508,0.606,5.752
1.2,1.532,0.737,0.553,5.739
0.835,1.522,0.615,0.541,5.681
0.934,1.249,0.674,0.53,5.663
0.855,1.23,0.578,0.448,5.662
0.657,1.301,0.62,0.232,5.64
1.016,1.533,0.517,0.417,5.636
1.171,1.401,0.732,0.259,5.62
0.985,1.35,0.553,0.496,5.566
0.775,1.312,0.513,0.643,5.524
0.62,1.205,0.622,0.459,5.504
1.039,1.498,0.7,0.307,5.483
1.148,1.38,0.686,0.324,5.483
0.652,0.81,0.424,0.334,5.472
1.405,1.29,1.03,0.524,5.43
1.188,1.429,0.884,0.562,5.41
0.975,1.369,0.685,0.288,5.398
1.154,1.202,0.879,0.131,5.358
0.965,1.179,0.785,0.503,5.358
1.017,1.279,0.729,0.259,5.347
1.115,1.161,0.737,0.38,5.321
0.982,1.441,0.614,0.578,5.302
0.979,1.154,0.687,0.077,5.295
0.779,0.797,0.669,0.46,5.254
0.989,1.142,0.799,0.597,5.246
1.024,1.161,0.603,0.43,5.201
0.474,1.166,0.598,0.292,5.199
0.959,1.239,0.691,0.394,5.185
0.822,1.265,0.645,0.468,5.161
0.689,1.172,0.048,0.462,5.155
0.53,1.416,0.594,0.54,5.131
0.915,1.078,0.758,0.28,5.129
0.914,1.517,0.575,0.395,5.125
0.715,1.365,0.702,0.618,5.103
0.899,1.215,0.522,0.538,5.093
0.796,1.335,0.527,0.541,5.082
0.0,0.712,0.115,0.674,4.982
0.535,0.891,0.182,0.454,4.975
1.054,1.515,0.712,0.359,4.933
0.425,1.228,0.539,0.526,4.88
0.996,1.469,0.657,0.133,4.806
1.036,1.164,0.404,0.356,4.758
0.642,1.217,0.602,0.266,4.743
0.94,1.41,0.33,0.516,4.724
1.059,0.771,0.691,0.459,4.707
0.541,0.872,0.08,0.467,4.671
0.592,0.896,0.337,0.499,4.657
0.429,1.117,0.433,0.406,4.631
0.72,1.034,0.441,0.626,4.623
0.9,0.906,0.69,0.271,4.592
0.916,0.817,0.79,0.419,4.586
0.256,0.813,0.0,0.355,4.571
0.682,0.811,0.343,0.514,4.559
0.532,0.85,0.579,0.58,4.5
0.918,1.314,0.672,0.585,4.471
1.01,0.971,0.536,0.304,4.456
0.37,1.233,0.152,0.367,4.447
0.874,1.281,0.365,0.519,4.441
0.549,1.088,0.457,0.696,4.433
0.314,1.097,0.254,0.312,4.424
0.885,1.025,0.553,0.312,4.419
0.198,0.902,0.173,0.531,4.417
0.493,1.048,0.454,0.504,4.41
0.562,1.047,0.295,0.503,4.377
0.557,1.245,0.292,0.129,4.356
0.308,0.95,0.391,0.452,4.35
0.853,0.592,0.643,0.375,4.34
0.816,0.99,0.666,0.26,4.321
0.682,1.174,0.429,0.58,4.308
0.358,0.907,0.053,0.189,4.301
0.069,1.136,0.204,0.312,4.245
0.721,0.747,0.485,0.539,4.19
0.131,0.867,0.221,0.39,4.166
0.322,1.09,0.237,0.45,4.161
0.378,0.372,0.24,0.44,4.141
0.605,1.24,0.312,0.016,4.139
0.793,1.413,0.609,0.163,4.103
0.259,0.474,0.253,0.434,3.999
0.344,0.792,0.211,0.394,3.964
0.472,1.215,0.079,0.423,3.808
0.73,1.125,0.269,0.0,3.795
0.262,0.908,0.402,0.221,3.774
0.357,1.094,0.248,0.406,3.692
0.332,0.537,0.255,0.085,3.632
1.017,1.174,0.417,0.557,3.59
0.186,0.541,0.306,0.531,3.587
0.315,0.714,0.289,0.025,3.582
0.076,0.858,0.267,0.419,3.495
0.689,0.382,0.539,0.088,3.462
0.332,0.896,0.4,0.636,3.408
0.442,1.073,0.343,0.244,3.355
0.455,0.991,0.381,0.481,3.303
0.337,0.608,0.177,0.112,3.254
0.024,0.0,0.01,0.305,3.083
0.091,0.627,0.145,0.065,2.905
1.34,1.587,0.986,0.596,7.769
1.383,1.573,0.996,0.592,7.6
1.488,1.582,1.028,0.603,7.554
1.38,1.624,1.026,0.591,7.494
1.396,1.522,0.999,0.557,7.488
1.452,1.526,1.052,0.572,7.48
1.387,1.487,1.009,0.574,7.343
1.303,1.557,1.026,0.585,7.307
1.365,1.505,1.039,0.584,7.278
1.376,1.475,1.016,0.532,7.246
1.372,1.548,1.036,0.557,7.228
1.034,1.441,0.963,0.558,7.167
1.276,1.455,1.029,0.371,7.139
1.609,1.479,1.012,0.526,7.09
1.333,1.538,0.996,0.45,7.054
1.499,1.553,0.999,0.516,7.021
1.373,1.454,0.987,0.495,6.985
1.356,1.504,0.986,0.473,6.923
1.433,1.457,0.874,0.454,6.892
1.269,1.487,0.92,0.457,6.852
1.503,1.31,0.825,0.598,6.825
1.3,1.52,0.999,0.564,6.726
1.07,1.323,0.861,0.433,6.595
1.324,1.472,1.045,0.436,6.592
1.368,1.43,0.914,0.351,6.446
1.159,1.369,0.92,0.357,6.444
0.8,1.269,0.746,0.535,6.436
1.403,1.357,0.795,0.439,6.375
1.684,1.313,0.871,0.555,6.374
1.286,1.484,1.062,0.362,6.354
1.149,1.442,0.91,0.516,6.321
1.004,1.439,0.802,0.39,6.3
1.124,1.465,0.891,0.523,6.293
1.572,1.463,1.141,0.556,6.262
0.794,1.242,0.789,0.43,6.253
1.294,1.488,1.039,0.231,6.223
1.362,1.368,0.871,0.536,6.199
1.246,1.504,0.881,0.334,6.198
1.231,1.477,0.713,0.489,6.192
1.206,1.438,0.884,0.483,6.182
0.745,1.529,0.756,0.631,6.174
1.238,1.515,0.818,0.291,6.149
0.985,1.41,0.841,0.47,6.125
1.258,1.523,0.953,0.564,6.118
0.694,1.325,0.835,0.435,6.105
0.882,1.232,0.758,0.489,6.1
1.092,1.432,0.881,0.471,6.086
1.162,1.232,0.825,0.462,6.07
1.263,1.223,1.042,0.406,6.046
0.912,1.312,0.868,0.498,6.028
1.5,1.319,0.808,0.493,6.021
1.05,1.409,0.828,0.557,6.008
1.187,1.465,0.812,0.264,5.94
1.301,1.219,1.036,0.159,5.895
1.237,1.528,0.874,0.495,5.893
0.831,1.478,0.831,0.49,5.89
1.12,1.402,0.798,0.498,5.888
1.327,1.419,1.088,0.445,5.886
0.642,1.236,0.828,0.507,5.86
1.173,1.508,0.729,0.41,5.809
0.776,1.209,0.706,0.511,5.779
1.201,1.41,0.828,0.199,5.758
0.855,1.475,0.777,0.514,5.743
1.263,1.252,1.042,0.417,5.718
0.96,1.274,0.854,0.455,5.697
1.221,1.431,0.999,0.508,5.693
0.677,0.886,0.535,0.313,5.653
1.183,1.452,0.726,0.334,5.648
0.807,1.293,0.657,0.558,5.631
1.004,1.383,0.854,0.282,5.603
0.685,1.328,0.739,0.245,5.529
1.044,1.303,0.673,0.416,5.525
1.051,1.361,0.871,0.197,5.523
0.493,1.098,0.718,0.389,5.467
1.155,1.266,0.914,0.296,5.432
1.438,1.277,1.122,0.44,5.43
1.015,1.401,0.779,0.497,5.425
0.945,1.212,0.845,0.212,5.386
1.183,1.36,0.808,0.195,5.373
1.221,1.171,0.828,0.508,5.339
1.067,1.465,0.789,0.235,5.323
1.181,1.156,0.999,0.067,5.287
0.948,1.531,0.667,0.317,5.285
0.983,1.294,0.838,0.345,5.274
0.696,1.111,0.245,0.426,5.265
0.551,1.438,0.723,0.508,5.261
1.052,1.538,0.657,0.394,5.247
1.002,1.16,0.785,0.086,5.211
0.801,0.782,0.782,0.418,5.208
1.043,1.147,0.769,0.351,5.208
0.987,1.224,0.815,0.216,5.197
0.931,1.203,0.66,0.491,5.192
1.029,1.125,0.893,0.521,5.191
0.741,1.346,0.851,0.543,5.175
0.813,1.321,0.604,0.457,5.082
0.549,0.91,0.331,0.381,5.044
1.092,1.513,0.815,0.311,5.011
0.611,0.868,0.486,0.381,4.996
0.569,0.808,0.232,0.352,4.944
0.446,1.226,0.677,0.439,4.913
0.837,1.225,0.815,0.383,4.906
0.393,0.437,0.397,0.349,4.883
0.673,0.799,0.508,0.372,4.812
1.057,1.183,0.571,0.295,4.799
0.764,1.03,0.551,0.547,4.796
0.96,1.351,0.469,0.389,4.722
0.947,0.848,0.874,0.383,4.719
0.96,1.427,0.805,0.154,4.707
0.574,1.122,0.637,0.609,4.7
0.657,1.247,0.672,0.225,4.696
0.45,1.134,0.571,0.292,4.681
0.0,0.698,0.268,0.559,4.668
0.879,1.313,0.477,0.401,4.639
0.138,0.774,0.366,0.318,4.628
0.331,1.056,0.38,0.255,4.587
0.85,1.055,0.815,0.283,4.559
1.1,0.842,0.785,0.305,4.548
0.38,0.829,0.375,0.332,4.534
0.886,0.666,0.752,0.346,4.519
0.308,0.939,0.428,0.382,4.516
0.512,0.983,0.581,0.431,4.509
0.57,1.167,0.489,0.066,4.49
0.204,0.986,0.39,0.494,4.466
0.921,1.0,0.815,0.167,4.461
0.562,0.928,0.723,0.527,4.456
1.043,0.98,0.574,0.241,4.437
0.094,1.125,0.357,0.269,4.418
0.385,1.105,0.308,0.327,4.39
0.268,0.841,0.242,0.309,4.374
0.949,1.265,0.831,0.47,4.366
0.71,1.181,0.555,0.525,4.36
0.35,0.766,0.192,0.174,4.35
0.82,1.39,0.739,0.178,4.332
0.336,1.033,0.532,0.344,4.286
0.811,1.149,0.0,0.313,4.212
0.332,1.069,0.443,0.356,4.189
0.913,1.039,0.644,0.241,4.166
0.578,1.058,0.426,0.431,4.107
0.275,0.572,0.41,0.293,4.085
0.755,0.765,0.588,0.498,4.015
0.073,0.922,0.443,0.37,3.975
0.274,0.757,0.505,0.142,3.973
0.274,0.916,0.555,0.148,3.933
0.489,1.169,0.168,0.359,3.802
0.046,0.447,0.38,0.22,3.775
0.366,1.114,0.433,0.361,3.663
0.323,0.688,0.449,0.026,3.597
1.041,1.145,0.538,0.455,3.488
0.619,0.378,0.44,0.013,3.462
0.191,0.56,0.495,0.443,3.41
0.287,1.163,0.463,0.143,3.38
0.359,0.711,0.614,0.555,3.334
0.476,0.885,0.499,0.417,3.231
0.35,0.517,0.361,0.0,3.203
0.026,0.0,0.105,0.225,3.083
0.306,0.575,0.295,0.01,2.853
